Loan_ID,Gender,Married,Dependents,Education,Self_Employed,ApplicantIncome,CoapplicantIncome,LoanAmount,Loan_Amount_Term,Credit_History,Property_Area,Loan_Status,Total_Income,Loan_to_Income_Ratio
LP001002,Male,No,0,Graduate,No,7268,4696,298.3,360.0,0.0,Semiurban,N,11964,24.9331
LP001003,Female,No,0,Graduate,No,11189,0,359.3,360.0,0.0,Rural,N,11189,32.1119
LP001004,Male,Yes,3+,Not Graduate,No,2267,6623,329.7,360.0,1.0,Rural,N,8890,37.0866
LP001005,Male,Yes,0,Graduate,No,2564,0,158.4,360.0,1.0,Semiurban,Y,2564,61.7785
LP001006,Male,No,0,Graduate,No,8189,2709,370.8,360.0,1.0,Rural,Y,10898,34.0246
LP001007,Male,No,0,Graduate,Yes,5233,2787,279.1,360.0,1.0,Rural,Y,8020,34.8005
LP001008,Male,Yes,1,Not Graduate,No,6191,1144,278.9,360.0,1.0,Urban,N,7335,38.0232
LP001009,Female,Yes,0,Graduate,No,5455,0,185.5,360.0,0.0,Rural,N,5455,34.0055
LP001010,Male,Yes,2,Graduate,No,5621,4893,362.7,360.0,1.0,Rural,Y,10514,34.4969
LP001011,Male,Yes,0,Not Graduate,No,2006,423,172.1,360.0,1.0,Urban,Y,2429,70.8522
LP001012,Male,Yes,3+,Not Graduate,No,8336,0,233.5,180.0,1.0,Semiurban,Y,8336,28.011
LP001013,Female,Yes,0,Not Graduate,No,8971,348,294.7,360.0,1.0,Rural,Y,9319,31.6236
LP001014,Female,Yes,2,Not Graduate,No,3875,1016,277.5,360.0,1.0,Urban,Y,4891,56.7369
LP001015,Male,No,2,Graduate,No,4332,6250,249.8,360.0,1.0,Semiurban,Y,10582,23.6061
LP001016,Male,Yes,2,Graduate,No,1774,1329,181.2,180.0,1.0,Urban,Y,3103,58.3951
LP001017,Male,Yes,2,Graduate,No,6054,0,300.7,360.0,1.0,Urban,Y,6054,49.6696
LP001018,Male,No,2,Not Graduate,Yes,6268,1739,320.0,360.0,1.0,Rural,N,8007,39.965
LP001019,Male,No,1,Graduate,No,4284,0,220.8,360.0,1.0,Urban,Y,4284,51.5406
LP001020,Male,Yes,0,Graduate,No,8730,554,356.2,360.0,1.0,Semiurban,N,9284,38.3671
LP001021,Male,Yes,0,Graduate,Yes,3639,957,257.4,360.0,1.0,Urban,Y,4596,56.0052
LP001022,Male,Yes,3+,Graduate,No,6240,5699,348.0,360.0,1.0,Urban,Y,11939,29.1482
LP001023,Male,Yes,1,Graduate,No,2411,0,157.7,360.0,1.0,Semiurban,Y,2411,65.4085
LP001024,Male,Yes,2,Not Graduate,No,4384,0,203.9,480.0,1.0,Urban,Y,4384,46.51
LP001025,Male,Yes,0,Not Graduate,No,4005,839,274.9,360.0,0.0,Rural,N,4844,56.7506
LP001026,Male,Yes,0,Graduate,No,5090,8665,415.9,360.0,1.0,Semiurban,N,13755,30.2363
LP001027,Male,Yes,0,Graduate,Yes,3562,6100,258.0,360.0,1.0,Urban,N,9662,26.7025
LP001028,Male,Yes,1,Graduate,Yes,4109,3213,324.7,180.0,1.0,Semiurban,Y,7322,44.3458
LP001029,Male,Yes,0,Graduate,No,7299,1131,295.7,240.0,0.0,Semiurban,N,8430,35.0771
LP001030,Male,Yes,0,Not Graduate,No,3421,0,152.3,360.0,1.0,Urban,Y,3421,44.5191
LP001031,Male,Yes,0,Graduate,No,1696,0,136.9,360.0,0.0,Semiurban,N,1696,80.7193
LP001032,Male,Yes,0,Graduate,No,12704,0,352.3,360.0,1.0,Rural,Y,12704,27.7314
LP001033,Male,No,1,Not Graduate,Yes,10187,0,385.2,360.0,1.0,Semiurban,Y,10187,37.8129
LP001034,Male,Yes,0,Graduate,No,2048,3698,212.7,180.0,0.0,Rural,N,5746,37.0171
LP001035,Female,No,2,Graduate,No,6726,939,327.4,360.0,1.0,Semiurban,Y,7665,42.7136
LP001036,Female,No,0,Graduate,No,3288,5237,249.8,360.0,1.0,Rural,N,8525,29.3021
LP001037,Female,Yes,0,Graduate,No,5208,0,186.3,360.0,1.0,Urban,Y,5208,35.7719
LP001038,Male,Yes,0,Graduate,No,5305,0,288.3,360.0,1.0,Urban,Y,5305,54.345
LP001039,Male,Yes,0,Graduate,No,3863,0,203.2,360.0,1.0,Semiurban,Y,3863,52.6016
LP001040,Male,Yes,0,Graduate,No,2778,0,154.8,360.0,1.0,Urban,Y,2778,55.7235
LP001041,Male,No,0,Not Graduate,No,2938,1948,224.0,360.0,1.0,Semiurban,Y,4886,45.8453
LP001042,Male,Yes,1,Graduate,No,2566,0,191.8,360.0,1.0,Rural,Y,2566,74.7467
LP001043,Male,Yes,0,Graduate,Yes,2699,666,171.6,360.0,0.0,Urban,N,3365,50.9955
LP001044,Male,Yes,1,Graduate,No,4271,0,182.3,360.0,1.0,Urban,Y,4271,42.6832
LP001045,Female,Yes,2,Graduate,No,2894,11592,324.2,36.0,1.0,Rural,Y,14486,22.3802
LP001046,Male,No,2,Graduate,Yes,6695,551,250.8,300.0,0.0,Semiurban,N,7246,34.6122
LP001047,Male,Yes,0,Graduate,No,10854,0,382.4,360.0,0.0,Rural,N,10854,35.2313
LP001048,Male,Yes,0,Graduate,No,3139,3128,253.9,360.0,1.0,Urban,Y,6267,40.5138
LP001049,Male,No,0,Not Graduate,No,5134,2177,242.9,360.0,1.0,Urban,Y,7311,33.2239
LP001050,Male,Yes,0,Graduate,No,6001,1846,243.5,360.0,1.0,Urban,Y,7847,31.031
LP001051,Male,Yes,0,Graduate,No,5902,0,230.4,360.0,1.0,Urban,Y,5902,39.0376
LP001052,Female,Yes,0,Not Graduate,Yes,4654,2351,327.2,360.0,1.0,Semiurban,Y,7005,46.7095
LP001053,Male,Yes,0,Graduate,No,6943,1176,271.6,360.0,0.0,Rural,N,8119,33.4524
LP001054,Female,Yes,1,Graduate,Yes,5939,431,317.8,360.0,1.0,Urban,Y,6370,49.8901
LP001055,Female,Yes,1,Graduate,Yes,2116,4611,264.7,360.0,1.0,Urban,Y,6727,39.3489
LP001056,Male,Yes,0,Graduate,No,7491,3908,295.6,360.0,1.0,Rural,Y,11399,25.9321
LP001057,Female,Yes,0,Graduate,Yes,7573,2071,249.8,360.0,1.0,Semiurban,Y,9644,25.9021
LP001058,Male,Yes,0,Graduate,No,2813,2345,229.1,360.0,1.0,Rural,N,5158,44.4164
LP001059,Male,No,0,Not Graduate,No,4549,4238,334.1,360.0,1.0,Rural,Y,8787,38.0221
LP001060,Male,Yes,0,Graduate,No,6700,2337,377.9,360.0,1.0,Rural,N,9037,41.817
LP001061,Male,Yes,0,Graduate,Yes,3922,3762,225.7,360.0,1.0,Rural,N,7684,29.3727
LP001062,Male,Yes,0,Graduate,No,8465,1622,265.7,180.0,1.0,Semiurban,N,10087,26.3408
LP001063,Male,No,0,Graduate,No,18367,5005,547.4,360.0,1.0,Semiurban,N,23372,23.4212
LP001064,Female,Yes,0,Graduate,No,2775,0,154.0,360.0,1.0,Rural,N,2775,55.4955
LP001065,Male,Yes,0,Graduate,No,1941,2288,180.6,360.0,0.0,Semiurban,N,4229,42.7051
LP001066,Male,No,0,Not Graduate,No,5336,821,200.8,360.0,1.0,Semiurban,Y,6157,32.6133
LP001067,Male,No,1,Graduate,No,6856,2442,244.2,360.0,0.0,Rural,N,9298,26.2637
LP001068,Male,No,2,Graduate,No,3871,1116,258.6,360.0,1.0,Semiurban,Y,4987,51.8548
LP001069,Female,Yes,0,Graduate,No,10635,0,278.6,360.0,0.0,Rural,N,10635,26.1965
LP001070,Male,Yes,0,Graduate,No,1991,1129,178.8,360.0,0.0,Rural,N,3120,57.3077
LP001071,Male,No,0,Not Graduate,No,6739,0,279.8,360.0,1.0,Rural,N,6739,41.5195
LP001072,Male,No,1,Not Graduate,No,3091,8842,343.3,180.0,1.0,Rural,N,11933,28.769
LP001073,Male,Yes,1,Graduate,No,12476,5074,336.6,180.0,1.0,Rural,Y,17550,19.1795
LP001074,Male,Yes,0,Graduate,No,14698,7663,549.6,360.0,0.0,Rural,N,22361,24.5785
LP001075,Female,Yes,3+,Graduate,No,2807,0,133.3,360.0,1.0,Urban,Y,2807,47.4884
LP001076,Male,No,0,Not Graduate,No,3197,2100,265.1,360.0,1.0,Semiurban,Y,5297,50.0472
LP001077,Male,Yes,0,Graduate,Yes,7448,0,331.4,360.0,1.0,Rural,Y,7448,44.4952
LP001078,Male,Yes,1,Graduate,No,3525,0,187.0,360.0,0.0,Rural,N,3525,53.0496
LP001079,Male,Yes,2,Graduate,No,4327,0,217.3,360.0,1.0,Urban,Y,4327,50.2196
LP001080,Male,Yes,1,Graduate,No,4515,0,216.1,360.0,1.0,Semiurban,Y,4515,47.8627
LP001081,Male,Yes,2,Graduate,Yes,1500,1514,169.3,360.0,1.0,Urban,Y,3014,56.1712
LP001082,Female,Yes,0,Graduate,No,4410,4221,355.9,360.0,1.0,Semiurban,Y,8631,41.2351
LP001083,Male,Yes,2,Graduate,No,2939,0,208.2,360.0,1.0,Rural,Y,2939,70.8404
LP001084,Male,Yes,0,Not Graduate,No,3308,10022,346.8,360.0,1.0,Rural,Y,13330,26.0165
LP001085,Male,Yes,3+,Graduate,No,10574,0,351.9,360.0,1.0,Semiurban,Y,10574,33.2797
LP001086,Male,Yes,0,Graduate,No,2092,4824,323.5,360.0,0.0,Urban,N,6916,46.7756
LP001087,Male,Yes,2,Graduate,No,7243,4458,426.5,300.0,1.0,Semiurban,Y,11701,36.4499
LP001088,Male,Yes,0,Graduate,Yes,3761,1010,225.4,360.0,1.0,Rural,N,4771,47.2438
LP001089,Male,Yes,1,Graduate,No,3759,4044,280.8,360.0,1.0,Semiurban,Y,7803,35.9862
LP001090,Female,Yes,0,Graduate,No,7145,2528,287.0,360.0,1.0,Urban,Y,9673,29.6702
LP001091,Male,Yes,2,Graduate,No,5453,0,290.8,360.0,1.0,Semiurban,Y,5453,53.3284
LP001092,Male,Yes,0,Graduate,No,6262,1122,233.2,360.0,1.0,Semiurban,Y,7384,31.5818
LP001093,Male,No,0,Graduate,No,7949,0,300.4,360.0,1.0,Urban,Y,7949,37.7909
LP001094,Male,Yes,0,Graduate,No,3645,8390,320.8,360.0,1.0,Semiurban,Y,12035,26.6556
LP001095,Male,No,0,Not Graduate,No,3079,1999,208.0,360.0,1.0,Urban,Y,5078,40.961
LP001096,Male,Yes,2,Graduate,No,2319,3454,236.1,360.0,0.0,Semiurban,N,5773,40.8973
LP001097,Male,No,0,Not Graduate,No,2710,0,208.1,360.0,1.0,Urban,Y,2710,76.7897
LP001098,Male,No,0,Graduate,No,26093,1157,426.3,360.0,0.0,Rural,N,27250,15.644
LP001099,Male,Yes,0,Graduate,Yes,9384,0,326.2,360.0,1.0,Rural,Y,9384,34.7613
LP001100,Male,Yes,0,Graduate,No,1977,776,137.7,60.0,1.0,Rural,Y,2753,50.0182
LP001101,Male,Yes,2,Graduate,No,2011,0,122.5,360.0,1.0,Rural,Y,2011,60.915
LP001102,Male,Yes,1,Not Graduate,No,5937,0,243.4,360.0,0.0,Semiurban,N,5937,40.9971
LP001103,Male,No,0,Graduate,No,6175,2160,298.1,360.0,1.0,Semiurban,Y,8335,35.7648
LP001104,Male,No,0,Not Graduate,No,6181,1762,257.4,360.0,1.0,Urban,Y,7943,32.4059
LP001105,Male,No,1,Graduate,No,3816,0,183.8,360.0,1.0,Rural,Y,3816,48.1656
LP001106,Female,Yes,0,Graduate,No,4124,0,168.9,360.0,1.0,Rural,N,4124,40.9554
LP001107,Male,No,0,Graduate,No,5413,3341,276.5,240.0,1.0,Semiurban,Y,8754,31.5856
LP001108,Male,No,0,Graduate,No,4682,1002,297.8,360.0,1.0,Semiurban,Y,5684,52.3927
LP001109,Male,Yes,1,Graduate,No,1500,1637,219.4,360.0,1.0,Semiurban,Y,3137,69.9394
LP001110,Male,Yes,0,Graduate,No,3874,0,186.9,360.0,0.0,Rural,N,3874,48.2447
LP001111,Male,No,1,Graduate,No,2668,0,249.8,360.0,1.0,Urban,Y,2668,93.6282
LP001112,Male,Yes,0,Graduate,No,4940,0,271.6,360.0,1.0,Semiurban,Y,4940,54.9798
LP001113,Male,No,0,Graduate,No,26666,0,409.8,360.0,1.0,Urban,Y,26666,15.3679
LP001114,Female,Yes,0,Not Graduate,No,5544,500,288.9,360.0,0.0,Urban,N,6044,47.7995
LP001115,Female,No,0,Not Graduate,Yes,3684,2064,297.4,300.0,0.0,Rural,Y,5748,51.7397
LP001116,Male,Yes,2,Graduate,No,7731,0,231.9,360.0,1.0,Semiurban,Y,7731,29.9961
LP001117,Female,Yes,1,Graduate,Yes,5940,0,211.3,360.0,1.0,Rural,Y,5940,35.5724
LP001118,Female,Yes,2,Graduate,No,5721,0,298.1,180.0,0.0,Urban,N,5721,52.1063
LP001119,Male,No,0,Not Graduate,No,6400,3411,327.5,360.0,1.0,Rural,Y,9811,33.3809
LP001120,Female,No,0,Graduate,No,15274,678,318.4,360.0,1.0,Rural,N,15952,19.9599
LP001121,Male,Yes,0,Graduate,No,2256,0,137.1,360.0,1.0,Semiurban,Y,2256,60.7713
LP001122,Female,Yes,0,Not Graduate,No,5908,0,244.0,360.0,1.0,Semiurban,N,5908,41.2999
LP001123,Female,No,0,Graduate,No,2550,1281,219.1,360.0,1.0,Rural,Y,3831,57.1913
LP001124,Male,Yes,2,Graduate,No,6206,1693,319.9,360.0,1.0,Semiurban,Y,7899,40.4988
LP001125,Male,No,1,Graduate,No,2562,3364,307.4,360.0,1.0,Rural,N,5926,51.8731
LP001126,Male,Yes,0,Graduate,No,3461,0,172.4,360.0,0.0,Rural,N,3461,49.8122
LP001127,Male,Yes,1,Graduate,Yes,3725,0,201.9,180.0,0.0,Rural,N,3725,54.2013
LP001128,Female,Yes,0,Graduate,No,7986,1575,322.7,360.0,1.0,Semiurban,Y,9561,33.7517
LP001129,Female,Yes,2,Graduate,No,7716,0,249.8,360.0,1.0,Semiurban,Y,7716,32.3743
LP001130,Male,No,3+,Graduate,No,2106,0,126.4,360.0,0.0,Urban,N,2106,60.019
LP001131,Male,Yes,0,Not Graduate,No,4596,2753,340.0,360.0,1.0,Semiurban,Y,7349,46.2648
LP001132,Male,Yes,0,Graduate,No,2905,0,203.7,360.0,1.0,Rural,Y,2905,70.1205
LP001133,Male,No,1,Graduate,No,2089,1758,201.4,360.0,1.0,Rural,Y,3847,52.3525
LP001134,Male,Yes,3+,Graduate,No,3904,0,212.7,360.0,1.0,Urban,Y,3904,54.4826
LP001135,Male,Yes,0,Not Graduate,No,3695,0,172.7,360.0,0.0,Rural,N,3695,46.7388
LP001136,Female,No,1,Graduate,Yes,19073,1132,471.3,360.0,1.0,Semiurban,Y,20205,23.3259
LP001137,Male,Yes,1,Graduate,No,5766,0,269.0,360.0,1.0,Semiurban,Y,5766,46.6528
LP001138,Male,Yes,2,Not Graduate,No,1945,2394,215.6,300.0,1.0,Rural,N,4339,49.6889
LP001139,Male,No,0,Not Graduate,No,3168,2319,295.2,360.0,1.0,Rural,Y,5487,53.7999
LP001140,Male,Yes,1,Graduate,No,8207,0,309.6,360.0,1.0,Urban,N,8207,37.7239
LP001141,Female,Yes,3+,Not Graduate,No,15569,1477,399.1,360.0,1.0,Rural,Y,17046,23.4131
LP001142,Female,Yes,0,Graduate,No,1717,0,151.6,360.0,1.0,Urban,Y,1717,88.2935
LP001143,Male,No,0,Graduate,No,1500,2938,183.6,360.0,1.0,Semiurban,Y,4438,41.37
LP001144,Male,Yes,0,Graduate,No,13664,0,359.7,120.0,1.0,Semiurban,Y,13664,26.3246
LP001145,Male,Yes,0,Graduate,No,5618,1121,248.0,180.0,1.0,Rural,Y,6739,36.8007
LP001146,Male,No,2,Graduate,No,2641,0,161.8,84.0,1.0,Semiurban,N,2641,61.2647
LP001147,Male,No,0,Graduate,No,6128,2578,342.7,360.0,1.0,Urban,N,8706,39.3637
LP001148,Male,Yes,0,Graduate,No,1500,2008,191.1,360.0,1.0,Urban,N,3508,54.4755
LP001149,Male,Yes,2,Graduate,No,4456,463,258.9,180.0,1.0,Rural,Y,4919,52.6326
LP001150,Male,Yes,0,Graduate,No,5413,0,247.6,360.0,1.0,Urban,Y,5413,45.7417
LP001151,Male,No,0,Graduate,No,7743,0,265.1,360.0,1.0,Semiurban,Y,7743,34.2374
LP001152,Female,Yes,0,Graduate,No,2420,1553,234.2,360.0,1.0,Semiurban,Y,3973,58.9479
LP001153,Male,Yes,1,Graduate,No,4681,1200,219.1,360.0,1.0,Urban,Y,5881,37.2556
LP001154,Male,No,0,Graduate,No,2552,0,143.3,360.0,0.0,Rural,N,2552,56.152
LP001155,Male,No,0,Graduate,No,5183,2486,285.2,360.0,1.0,Urban,Y,7669,37.1887
LP001156,Male,Yes,3+,Not Graduate,Yes,2598,0,147.4,360.0,1.0,Rural,N,2598,56.736
LP001157,Male,No,0,Graduate,No,3481,828,165.0,360.0,0.0,Semiurban,N,4309,38.2919
LP001158,Male,Yes,1,Graduate,No,2446,0,171.7,360.0,1.0,Rural,N,2446,70.1962
LP001159,Male,No,0,Graduate,No,6572,0,264.8,360.0,1.0,Urban,Y,6572,40.2921
LP001160,Male,Yes,2,Graduate,No,7443,1808,304.7,360.0,1.0,Semiurban,Y,9251,32.937
LP001161,Male,Yes,0,Graduate,No,3863,0,245.5,360.0,1.0,Urban,Y,3863,63.5516
LP001162,Male,No,3+,Not Graduate,No,4550,4107,312.3,360.0,1.0,Rural,N,8657,36.0749
LP001163,Male,Yes,0,Graduate,No,1864,3679,282.6,360.0,1.0,Rural,Y,5543,50.9832
LP001164,Male,Yes,0,Graduate,Yes,3715,0,165.1,360.0,1.0,Semiurban,N,3715,44.4415
LP001165,Male,No,0,Graduate,No,4315,0,220.3,360.0,1.0,Rural,N,4315,51.0545
LP001166,Male,No,0,Graduate,No,21428,1909,580.8,360.0,1.0,Semiurban,N,23337,24.8875
LP001167,Female,No,0,Graduate,Yes,2282,0,161.2,360.0,1.0,Semiurban,Y,2282,70.6398
LP001168,Male,No,0,Graduate,No,10705,2103,404.8,360.0,1.0,Urban,Y,12808,31.6052
LP001169,Male,Yes,2,Graduate,Yes,8087,1798,304.0,360.0,1.0,Urban,Y,9885,30.7537
LP001170,Male,Yes,0,Graduate,No,5262,4601,262.1,360.0,1.0,Rural,Y,9863,26.5741
LP001171,Male,Yes,0,Graduate,No,12774,0,360.2,360.0,1.0,Semiurban,Y,12774,28.1979
LP001172,Male,Yes,1,Not Graduate,No,5559,0,230.5,360.0,1.0,Semiurban,Y,5559,41.4643
LP001173,Male,No,1,Graduate,No,5616,0,284.8,360.0,1.0,Urban,Y,5616,50.7123
LP001174,Male,Yes,0,Graduate,No,4307,0,188.1,360.0,1.0,Semiurban,Y,4307,43.6731
LP001175,Male,Yes,0,Graduate,No,9266,4724,467.2,360.0,1.0,Semiurban,Y,13990,33.3953
LP001176,Male,Yes,0,Graduate,No,8585,3047,424.6,360.0,0.0,Semiurban,N,11632,36.5028
LP001177,Male,No,2,Not Graduate,No,3055,0,249.8,480.0,1.0,Urban,Y,3055,81.7676
LP001178,Male,Yes,1,Graduate,No,2015,0,135.7,180.0,1.0,Semiurban,Y,2015,67.3449
LP001179,Male,Yes,0,Graduate,No,3937,0,241.2,360.0,1.0,Urban,N,3937,61.2649
LP001180,Female,Yes,2,Not Graduate,No,2751,4879,345.0,360.0,1.0,Semiurban,N,7630,45.2163
LP001181,Male,Yes,2,Graduate,No,4280,0,207.1,360.0,1.0,Semiurban,Y,4280,48.3879
LP001182,Male,Yes,1,Not Graduate,No,9343,2902,329.9,360.0,1.0,Urban,Y,12245,26.9416
LP001183,Male,No,2,Graduate,No,3379,0,191.2,360.0,1.0,Semiurban,Y,3379,56.5848
LP001184,Female,No,0,Graduate,No,4334,4687,335.4,180.0,1.0,Urban,Y,9021,37.1799
LP001185,Female,Yes,0,Graduate,No,4604,4188,272.9,360.0,1.0,Semiurban,Y,8792,31.0396
LP001186,Male,No,0,Graduate,No,7398,0,310.0,360.0,1.0,Urban,Y,7398,41.9032
LP001187,Male,No,0,Not Graduate,No,1500,0,99.8,360.0,1.0,Semiurban,Y,1500,66.5333
LP001188,Female,No,0,Graduate,No,3090,1339,171.3,360.0,1.0,Semiurban,Y,4429,38.6769
LP001189,Male,Yes,3+,Graduate,No,5048,0,218.8,360.0,1.0,Urban,Y,5048,43.3439
LP001190,Male,Yes,0,Graduate,No,9136,3839,345.2,360.0,1.0,Rural,Y,12975,26.605
LP001191,Male,Yes,0,Graduate,No,3310,1709,210.7,300.0,1.0,Semiurban,Y,5019,41.9805
LP001192,Male,Yes,0,Graduate,No,1500,4211,244.6,360.0,1.0,Urban,Y,5711,42.8296
LP001193,Female,No,3+,Not Graduate,No,6449,5523,326.2,360.0,1.0,Urban,Y,11972,27.2469
LP001194,Female,No,0,Graduate,No,3037,0,153.7,360.0,0.0,Urban,Y,3037,50.6092
LP001195,Male,No,0,Graduate,No,2178,0,138.3,360.0,1.0,Rural,Y,2178,63.4986
LP001196,Male,Yes,0,Graduate,No,3057,1811,276.5,360.0,1.0,Semiurban,N,4868,56.7995
LP001197,Male,Yes,0,Graduate,No,3980,0,196.6,84.0,1.0,Rural,Y,3980,49.397
LP001198,Male,No,0,Graduate,No,3093,1384,211.9,360.0,1.0,Urban,Y,4477,47.3308
LP001199,Female,No,3+,Graduate,No,1500,0,130.3,360.0,1.0,Semiurban,N,1500,86.8667
LP001200,Female,Yes,0,Not Graduate,No,7617,0,346.9,360.0,1.0,Rural,Y,7617,45.5429
LP001201,Male,No,3+,Graduate,No,9556,2054,308.4,360.0,1.0,Urban,Y,11610,26.5633
LP001202,Male,No,1,Graduate,Yes,6574,0,249.8,360.0,0.0,Urban,N,6574,37.9982
LP001203,Male,Yes,2,Graduate,Yes,2247,795,197.1,360.0,1.0,Rural,N,3042,64.7929
LP001204,Male,Yes,0,Not Graduate,No,3940,2432,272.3,360.0,1.0,Urban,Y,6372,42.7338
LP001205,Female,Yes,0,Graduate,No,4429,449,183.9,360.0,1.0,Semiurban,Y,4878,37.6999
LP001206,Male,Yes,0,Graduate,No,6369,4059,359.0,84.0,1.0,Urban,N,10428,34.4265
LP001207,Male,Yes,1,Graduate,Yes,6640,1788,249.8,180.0,1.0,Semiurban,Y,8428,29.6393
LP001208,Male,No,0,Graduate,No,2862,19344,505.8,360.0,1.0,Rural,N,22206,22.7776
LP001209,Male,Yes,0,Graduate,No,4671,0,246.7,360.0,1.0,Rural,Y,4671,52.8152
LP001210,Male,Yes,0,Graduate,No,5851,1759,245.7,360.0,0.0,Semiurban,N,7610,32.2865
LP001211,Male,Yes,1,Graduate,No,10651,1854,420.7,360.0,1.0,Urban,N,12505,33.6425
LP001212,Male,Yes,0,Graduate,No,6786,4011,264.5,360.0,1.0,Semiurban,N,10797,24.4975
LP001213,Male,No,1,Not Graduate,No,7139,6582,441.1,360.0,1.0,Semiurban,Y,13721,32.1478
LP001214,Male,Yes,3+,Not Graduate,No,4676,0,218.2,360.0,1.0,Rural,Y,4676,46.6638
LP001215,Male,Yes,0,Graduate,No,10365,572,295.6,360.0,0.0,Semiurban,N,10937,27.0275
LP001216,Male,No,1,Graduate,No,5686,1292,225.6,360.0,1.0,Urban,Y,6978,32.3302
LP001217,Male,Yes,0,Graduate,No,2652,0,202.4,360.0,1.0,Rural,N,2652,76.3198
LP001218,Male,Yes,2,Graduate,No,10321,2829,299.2,360.0,1.0,Rural,N,13150,22.7529
LP001219,Male,Yes,0,Graduate,No,6759,4225,293.3,360.0,1.0,Urban,N,10984,26.7025
LP001220,Male,Yes,1,Graduate,Yes,3408,862,197.5,360.0,1.0,Urban,Y,4270,46.2529
LP001221,Female,Yes,2,Graduate,No,3335,394,209.5,180.0,1.0,Urban,Y,3729,56.1813
LP001222,Male,Yes,3+,Not Graduate,No,5313,3643,313.9,360.0,1.0,Rural,Y,8956,35.0491
LP001223,Male,Yes,1,Graduate,No,5871,0,206.0,360.0,1.0,Urban,Y,5871,35.0877
LP001224,Male,No,0,Graduate,No,5005,486,217.5,360.0,1.0,Urban,Y,5491,39.6103
LP001225,Male,Yes,1,Not Graduate,No,5360,0,209.2,180.0,1.0,Semiurban,Y,5360,39.0299
LP001226,Male,Yes,2,Graduate,No,12332,3481,354.7,360.0,0.0,Semiurban,N,15813,22.4309
LP001227,Male,Yes,1,Graduate,Yes,8458,1834,316.2,360.0,1.0,Urban,Y,10292,30.7229
LP001228,Female,Yes,0,Graduate,No,4985,0,251.1,360.0,1.0,Rural,Y,4985,50.3711
LP001229,Male,No,3+,Graduate,No,7822,0,250.0,360.0,1.0,Rural,Y,7822,31.9611
LP001230,Female,Yes,1,Graduate,No,2393,1541,191.3,360.0,1.0,Rural,Y,3934,48.6274
LP001231,Male,No,1,Graduate,No,5646,0,231.9,180.0,1.0,Urban,Y,5646,41.0733
LP001232,Female,Yes,0,Graduate,No,13168,1211,475.4,360.0,1.0,Rural,Y,14379,33.0621
LP001233,Male,Yes,1,Not Graduate,No,3901,0,245.6,360.0,0.0,Rural,N,3901,62.9582
LP001234,Male,Yes,0,Not Graduate,No,2674,0,191.3,480.0,1.0,Urban,Y,2674,71.5408
LP001235,Male,Yes,1,Not Graduate,No,3007,2247,207.5,360.0,1.0,Semiurban,N,5254,39.4937
LP001236,Male,Yes,0,Graduate,No,2312,995,149.6,360.0,1.0,Urban,Y,3307,45.2374
LP001237,Male,Yes,1,Graduate,No,2777,1759,200.4,360.0,1.0,Rural,Y,4536,44.1799
LP001238,Male,Yes,0,Not Graduate,No,3560,0,173.0,480.0,1.0,Semiurban,Y,3560,48.5955
LP001239,Male,No,0,Graduate,No,1913,2264,210.6,360.0,1.0,Rural,Y,4177,50.419
LP001240,Male,Yes,0,Graduate,No,4488,5432,365.2,360.0,1.0,Semiurban,Y,9920,36.8145
LP001241,Male,No,0,Graduate,No,7641,712,346.2,360.0,0.0,Rural,N,8353,41.4462
LP001242,Female,Yes,2,Graduate,No,2579,1325,235.4,360.0,1.0,Urban,Y,3904,60.2971
LP001243,Female,Yes,2,Not Graduate,No,11065,2515,354.2,360.0,1.0,Rural,N,13580,26.0825
LP001244,Female,Yes,0,Graduate,No,6041,4802,367.7,360.0,1.0,Urban,Y,10843,33.9113
LP001245,Male,Yes,2,Graduate,No,8253,0,269.7,360.0,1.0,Rural,Y,8253,32.679
LP001246,Male,Yes,2,Graduate,No,2996,1230,168.5,360.0,1.0,Urban,Y,4226,39.8722
LP001247,Female,Yes,0,Graduate,No,7425,0,306.1,360.0,1.0,Semiurban,Y,7425,41.2256
LP001248,Male,No,0,Not Graduate,No,2309,2148,167.9,60.0,1.0,Urban,Y,4457,37.6711
LP001249,Female,Yes,1,Graduate,No,7586,0,271.2,360.0,0.0,Semiurban,N,7586,35.7501
LP001250,Female,Yes,2,Graduate,No,4930,2426,256.8,360.0,0.0,Semiurban,N,7356,34.9103
LP001251,Female,Yes,2,Not Graduate,No,6197,1967,319.9,12.0,1.0,Urban,Y,8164,39.1842
LP001252,Male,Yes,2,Graduate,No,2196,0,171.0,360.0,0.0,Rural,N,2196,77.8689
LP001253,Male,Yes,0,Graduate,No,2599,0,150.7,360.0,1.0,Urban,N,2599,57.9838
LP001254,Female,Yes,2,Graduate,No,6363,0,296.5,360.0,1.0,Urban,N,6363,46.5975
LP001255,Male,Yes,0,Not Graduate,No,2517,3555,229.2,360.0,1.0,Urban,Y,6072,37.747
LP001256,Male,No,0,Graduate,No,5871,2340,287.2,360.0,1.0,Semiurban,N,8211,34.9775
LP001257,Male,No,0,Graduate,No,1958,0,158.9,360.0,1.0,Rural,N,1958,81.1542
LP001258,Female,Yes,0,Not Graduate,No,7397,1009,324.5,360.0,1.0,Urban,Y,8406,38.6034
LP001259,Male,Yes,0,Graduate,No,2122,0,183.4,360.0,1.0,Rural,Y,2122,86.4279
LP001260,Male,No,0,Not Graduate,No,6194,3182,274.8,180.0,1.0,Semiurban,Y,9376,29.3089
LP001261,Male,Yes,1,Graduate,No,6472,1356,309.1,360.0,1.0,Semiurban,Y,7828,39.4865
LP001262,Male,Yes,0,Graduate,No,2927,0,184.7,360.0,1.0,Rural,Y,2927,63.1022
LP001263,Male,Yes,0,Graduate,No,6305,1410,340.2,360.0,1.0,Urban,N,7715,44.0959
LP001264,Male,No,0,Not Graduate,Yes,5199,0,197.2,360.0,1.0,Semiurban,N,5199,37.9304
LP001265,Male,No,0,Graduate,No,3218,0,205.8,360.0,1.0,Semiurban,Y,3218,63.9528
LP001266,Female,Yes,0,Not Graduate,Yes,2428,0,165.2,360.0,1.0,Rural,N,2428,68.0395
LP001267,Male,Yes,0,Not Graduate,No,1500,0,112.8,360.0,1.0,Urban,N,1500,75.2
LP001268,Male,Yes,1,Graduate,No,5485,554,249.6,480.0,1.0,Urban,Y,6039,41.3313
LP001269,Male,No,1,Not Graduate,No,1739,845,152.5,360.0,0.0,Semiurban,N,2584,59.017
LP001270,Male,Yes,1,Graduate,No,4708,467,242.4,180.0,1.0,Urban,Y,5175,46.8406
LP001271,Male,Yes,0,Graduate,No,3796,0,236.2,360.0,1.0,Rural,Y,3796,62.2234
LP001272,Female,No,0,Graduate,No,6684,0,274.2,360.0,1.0,Semiurban,Y,6684,41.0233
LP001273,Female,Yes,2,Not Graduate,No,3709,1589,250.9,360.0,0.0,Urban,N,5298,47.3575
LP001274,Female,No,0,Graduate,No,3649,963,222.6,360.0,0.0,Rural,N,4612,48.2654
LP001275,Female,Yes,0,Graduate,No,6898,0,214.0,360.0,1.0,Semiurban,Y,6898,31.0235
LP001276,Male,Yes,0,Graduate,No,5437,2765,258.0,360.0,1.0,Urban,Y,8202,31.4557
LP001277,Male,Yes,0,Graduate,No,5375,1359,265.7,360.0,1.0,Urban,Y,6734,39.4565
LP001278,Female,No,0,Graduate,No,5893,2493,271.6,360.0,1.0,Urban,Y,8386,32.3873
LP001279,Male,No,0,Not Graduate,No,1769,1075,147.9,360.0,1.0,Urban,Y,2844,52.0042
LP001280,Male,No,1,Not Graduate,Yes,7002,0,272.5,360.0,1.0,Semiurban,N,7002,38.9175
LP001281,Female,Yes,0,Graduate,No,6421,0,239.1,360.0,0.0,Urban,Y,6421,37.2372
LP001282,Female,No,1,Not Graduate,No,2416,3011,212.7,360.0,1.0,Urban,Y,5427,39.1929
LP001283,Male,Yes,2,Graduate,No,3841,0,198.1,360.0,0.0,Urban,Y,3841,51.5751
LP001284,Male,Yes,2,Not Graduate,No,4343,2392,221.6,360.0,1.0,Semiurban,Y,6735,32.9027
LP001285,Male,No,1,Graduate,No,4102,1688,296.1,360.0,1.0,Urban,Y,5790,51.1399
LP001286,Male,Yes,3+,Graduate,No,5433,0,280.2,360.0,1.0,Rural,Y,5433,51.5737
LP001287,Male,Yes,0,Graduate,No,10496,1590,391.5,360.0,1.0,Urban,Y,12086,32.3929
LP001288,Male,Yes,0,Not Graduate,No,8510,0,245.3,360.0,1.0,Rural,Y,8510,28.8249
LP001289,Male,Yes,0,Graduate,No,2023,2318,241.4,360.0,1.0,Urban,N,4341,55.6093
LP001290,Male,Yes,1,Graduate,No,6459,996,320.5,60.0,0.0,Rural,N,7455,42.9913
LP001291,Male,Yes,3+,Graduate,No,9871,981,380.4,360.0,0.0,Rural,N,10852,35.0534
LP001292,Male,Yes,0,Graduate,No,5608,755,213.1,360.0,1.0,Semiurban,Y,6363,33.4905
LP001293,Male,No,3+,Graduate,No,8557,651,332.6,360.0,0.0,Urban,N,9208,36.1208
LP001294,Female,No,0,Graduate,No,14873,852,470.4,360.0,0.0,Urban,N,15725,29.9141
LP001295,Male,Yes,3+,Not Graduate,No,8219,2234,344.1,360.0,1.0,Urban,Y,10453,32.9188
LP001296,Male,Yes,0,Graduate,No,5164,0,249.3,360.0,1.0,Semiurban,Y,5164,48.2765
LP001297,Male,Yes,0,Graduate,No,8325,0,290.8,360.0,1.0,Rural,Y,8325,34.9309
LP001298,Male,Yes,0,Graduate,No,4850,0,229.3,360.0,1.0,Semiurban,N,4850,47.2784
LP001299,Male,Yes,0,Not Graduate,No,4511,0,171.4,360.0,1.0,Urban,Y,4511,37.996
LP001300,Male,Yes,0,Not Graduate,Yes,3601,3160,284.4,360.0,1.0,Urban,Y,6761,42.0648
LP001301,Male,Yes,0,Graduate,No,11362,3524,319.9,360.0,1.0,Semiurban,Y,14886,21.49
LP001302,Male,Yes,2,Graduate,No,2721,996,192.2,360.0,1.0,Rural,N,3717,51.7084
LP001303,Male,Yes,0,Graduate,Yes,11152,0,310.4,360.0,1.0,Rural,N,11152,27.8336
LP001304,Male,Yes,0,Graduate,No,6002,1097,279.6,180.0,1.0,Urban,Y,7099,39.3858
LP001305,Male,No,1,Not Graduate,No,1920,0,118.3,360.0,0.0,Urban,N,1920,61.6146
LP001306,Male,No,1,Graduate,No,5544,824,282.3,180.0,1.0,Semiurban,N,6368,44.331
LP001307,Female,Yes,0,Graduate,No,1500,569,168.0,360.0,1.0,Rural,Y,2069,81.1986
LP001308,Male,No,0,Graduate,No,6472,0,220.8,360.0,1.0,Semiurban,Y,6472,34.1162
LP001309,Male,Yes,0,Not Graduate,No,7563,0,249.8,360.0,1.0,Urban,Y,7563,33.0292
LP001310,Female,No,0,Graduate,No,3116,0,151.7,360.0,1.0,Rural,Y,3116,48.6842
LP001311,Male,No,1,Graduate,No,4789,872,287.1,360.0,1.0,Semiurban,Y,5661,50.7154
LP001312,Male,Yes,0,Graduate,No,14364,1510,414.8,360.0,1.0,Rural,Y,15874,26.1308
LP001313,Male,Yes,0,Not Graduate,No,3283,2412,241.6,360.0,0.0,Semiurban,N,5695,42.4232
LP001314,Male,Yes,1,Graduate,No,2355,0,129.1,360.0,1.0,Rural,Y,2355,54.8195
LP001315,Female,Yes,0,Graduate,No,10818,2270,397.5,360.0,1.0,Semiurban,Y,13088,30.3713
LP001316,Female,Yes,0,Graduate,No,14437,1250,476.2,360.0,1.0,Urban,N,15687,30.3563
LP001317,Male,Yes,0,Graduate,No,4456,4537,354.9,360.0,1.0,Semiurban,Y,8993,39.464
LP001318,Male,Yes,3+,Graduate,No,8159,0,310.6,480.0,1.0,Rural,Y,8159,38.0684
LP001319,Male,No,0,Graduate,No,9945,0,260.6,360.0,1.0,Urban,N,9945,26.2041
LP001320,Male,No,2,Graduate,No,2848,4570,229.8,180.0,1.0,Semiurban,N,7418,30.9787
LP001321,Male,Yes,0,Graduate,No,3323,0,148.4,360.0,1.0,Urban,Y,3323,44.6584
LP001322,Male,Yes,0,Graduate,No,9307,0,278.4,360.0,1.0,Urban,Y,9307,29.913
LP001323,Male,Yes,1,Not Graduate,No,12222,0,298.9,360.0,1.0,Urban,Y,12222,24.4559
LP001324,Male,Yes,3+,Graduate,No,6233,4126,294.1,360.0,0.0,Rural,N,10359,28.3908
LP001325,Male,No,1,Not Graduate,No,2623,737,178.4,360.0,1.0,Urban,N,3360,53.0952
LP001326,Female,Yes,2,Graduate,No,14650,1013,489.9,360.0,1.0,Semiurban,Y,15663,31.2775
LP001327,Male,Yes,2,Graduate,Yes,3233,1512,235.3,360.0,1.0,Semiurban,Y,4745,49.589
LP001328,Male,Yes,0,Graduate,No,3637,4752,343.7,180.0,1.0,Urban,Y,8389,40.9703
LP001329,Male,Yes,0,Graduate,No,5461,0,263.5,360.0,1.0,Urban,Y,5461,48.2512
LP001330,Male,No,1,Graduate,Yes,11299,1014,296.1,360.0,1.0,Semiurban,Y,12313,24.0478
LP001331,Male,No,0,Graduate,No,7423,0,310.5,360.0,0.0,Semiurban,N,7423,41.8294
LP001332,Male,Yes,2,Graduate,No,5703,1299,243.7,360.0,1.0,Urban,Y,7002,34.8043
LP001333,Male,Yes,3+,Not Graduate,No,5872,0,265.0,360.0,1.0,Rural,Y,5872,45.1294
LP001334,Male,Yes,0,Graduate,No,4564,0,203.4,360.0,1.0,Semiurban,Y,4564,44.5662
LP001335,Male,No,0,Not Graduate,No,6216,0,315.1,360.0,1.0,Urban,Y,6216,50.6918
LP001336,Male,No,2,Graduate,No,1500,0,112.1,360.0,1.0,Rural,Y,1500,74.7333
LP001337,Male,Yes,0,Graduate,No,3722,0,178.1,180.0,1.0,Rural,Y,3722,47.8506
LP001338,Female,Yes,2,Graduate,No,5139,0,279.3,360.0,1.0,Semiurban,N,5139,54.3491
LP001339,Male,No,0,Graduate,No,2229,1445,153.8,360.0,0.0,Urban,Y,3674,41.8617
LP001340,Male,Yes,1,Graduate,No,5607,1799,305.1,360.0,1.0,Rural,N,7406,41.1963
LP001341,Male,No,0,Graduate,No,3933,732,245.1,360.0,0.0,Semiurban,N,4665,52.5402
LP001342,Male,Yes,1,Graduate,No,12749,1384,446.4,360.0,1.0,Urban,Y,14133,31.5857
LP001343,Male,Yes,0,Graduate,No,11427,2823,472.9,360.0,1.0,Semiurban,N,14250,33.186
LP001344,Male,Yes,1,Graduate,No,3362,4950,361.3,360.0,1.0,Urban,N,8312,43.4673
LP001345,Male,Yes,0,Not Graduate,No,4062,920,183.4,360.0,1.0,Urban,N,4982,36.8125
LP001346,Male,Yes,2,Not Graduate,No,4254,0,243.5,360.0,1.0,Rural,Y,4254,57.2402
LP001347,Male,No,2,Graduate,Yes,3391,0,202.0,360.0,1.0,Semiurban,Y,3391,59.5694
LP001348,Male,Yes,0,Not Graduate,Yes,4999,752,263.2,360.0,1.0,Urban,Y,5751,45.766
LP001349,Male,Yes,0,Graduate,No,2821,3022,205.8,360.0,0.0,Urban,N,5843,35.2216
LP001350,Male,Yes,0,Graduate,No,2256,1203,204.4,300.0,1.0,Urban,Y,3459,59.0922
LP001351,Male,Yes,1,Not Graduate,No,6461,0,319.4,180.0,1.0,Rural,N,6461,49.4351
LP001352,Male,Yes,1,Graduate,No,6488,0,311.5,360.0,1.0,Urban,Y,6488,48.0117
LP001353,Female,Yes,0,Graduate,No,2744,1149,197.1,360.0,1.0,Rural,Y,3893,50.6293
LP001354,Male,No,0,Graduate,No,7609,0,223.3,360.0,1.0,Urban,N,7609,29.3468
LP001355,Male,Yes,0,Graduate,No,3044,1718,210.0,360.0,1.0,Urban,Y,4762,44.0991
LP001356,Male,Yes,1,Graduate,No,5176,1540,306.5,360.0,1.0,Rural,Y,6716,45.6373
LP001357,Male,Yes,0,Not Graduate,No,7275,1200,327.0,360.0,1.0,Semiurban,N,8475,38.5841
LP001358,Male,No,0,Graduate,No,4358,2499,264.1,360.0,1.0,Semiurban,Y,6857,38.5154
LP001359,Male,No,0,Graduate,No,5842,6358,285.3,180.0,1.0,Urban,Y,12200,23.3852
LP001360,Female,No,1,Not Graduate,No,3262,2203,232.2,360.0,1.0,Urban,N,5465,42.4886
LP001361,Male,Yes,0,Graduate,No,3952,4012,285.9,360.0,1.0,Rural,N,7964,35.899
LP001362,Male,Yes,0,Graduate,No,3930,755,266.5,360.0,0.0,Rural,N,4685,56.8837
LP001363,Male,Yes,1,Graduate,No,2841,0,184.5,360.0,1.0,Urban,Y,2841,64.9419
LP001364,Male,Yes,1,Graduate,No,3999,0,187.7,360.0,0.0,Urban,N,3999,46.9367
LP001365,Male,Yes,0,Not Graduate,No,1756,0,137.8,360.0,0.0,Urban,Y,1756,78.4738
LP001366,Female,Yes,0,Graduate,Yes,3312,1190,174.4,120.0,1.0,Semiurban,Y,4502,38.7383
LP001367,Male,Yes,0,Not Graduate,No,3748,4602,361.8,360.0,1.0,Rural,Y,8350,43.3293
LP001368,Female,Yes,1,Graduate,No,3813,3885,266.7,360.0,1.0,Rural,Y,7698,34.6454
LP001369,Female,No,1,Not Graduate,No,3847,0,199.5,360.0,1.0,Urban,Y,3847,51.8586
LP001370,Male,Yes,0,Graduate,No,4285,0,198.5,360.0,1.0,Semiurban,Y,4285,46.3244
LP001371,Male,Yes,0,Not Graduate,Yes,5929,1741,308.6,360.0,1.0,Semiurban,Y,7670,40.2347
LP001372,Male,No,0,Graduate,No,7515,0,302.8,120.0,1.0,Semiurban,Y,7515,40.2927
LP001373,Male,Yes,3+,Not Graduate,No,3011,2259,259.4,360.0,1.0,Rural,N,5270,49.222
LP001374,Male,No,0,Graduate,No,2160,549,151.1,360.0,1.0,Semiurban,Y,2709,55.777
LP001375,Male,Yes,0,Graduate,No,2379,1071,174.7,360.0,0.0,Rural,N,3450,50.6377
LP001376,Male,Yes,0,Not Graduate,No,3319,0,154.9,36.0,1.0,Urban,Y,3319,46.6707
LP001377,Male,No,0,Graduate,No,3600,0,209.0,360.0,1.0,Rural,Y,3600,58.0556
LP001378,Female,No,0,Not Graduate,No,2801,0,135.5,360.0,1.0,Urban,N,2801,48.3756
LP001379,Male,No,0,Graduate,No,2043,1783,210.1,360.0,0.0,Urban,N,3826,54.9137
LP001380,Female,Yes,0,Graduate,No,3382,2208,284.5,360.0,1.0,Urban,Y,5590,50.8945
LP001381,Male,Yes,2,Graduate,Yes,4958,0,270.1,360.0,1.0,Rural,N,4958,54.4776
LP001382,Male,Yes,0,Graduate,No,6355,3245,310.9,360.0,1.0,Urban,Y,9600,32.3854
LP001383,Male,Yes,0,Graduate,No,3182,3004,250.8,360.0,1.0,Urban,Y,6186,40.5432
LP001384,Male,No,2,Graduate,No,3471,0,154.1,360.0,1.0,Urban,Y,3471,44.3964
LP001385,Female,Yes,1,Graduate,No,2550,525,194.4,360.0,1.0,Semiurban,Y,3075,63.2195
LP001386,Male,No,0,Graduate,No,4363,1517,286.2,360.0,1.0,Urban,Y,5880,48.6735
LP001387,Female,Yes,0,Graduate,No,2672,0,148.2,360.0,1.0,Rural,Y,2672,55.4641
LP001388,Male,Yes,0,Graduate,Yes,6272,0,248.0,360.0,1.0,Semiurban,Y,6272,39.5408
LP001389,Male,Yes,1,Graduate,No,1523,3285,260.6,360.0,1.0,Semiurban,N,4808,54.2013
LP001390,Male,No,0,Graduate,No,3583,2698,302.4,360.0,1.0,Semiurban,Y,6281,48.1452
LP001391,Female,No,1,Graduate,No,5327,2606,255.2,360.0,1.0,Urban,Y,7933,32.1694
LP001392,Male,No,0,Not Graduate,No,4965,1353,264.4,360.0,1.0,Semiurban,N,6318,41.8487
LP001393,Male,No,2,Not Graduate,No,22377,1824,433.8,360.0,1.0,Urban,Y,24201,17.9249
LP001394,Male,No,0,Graduate,No,5485,0,196.5,60.0,1.0,Semiurban,N,5485,35.825
LP001395,Male,No,0,Graduate,No,2434,1032,227.6,12.0,1.0,Semiurban,N,3466,65.6665
LP001396,Male,Yes,0,Not Graduate,No,4199,6187,380.2,360.0,1.0,Rural,Y,10386,36.607
LP001397,Female,Yes,3+,Graduate,No,1531,0,142.4,360.0,1.0,Semiurban,N,1531,93.0111
LP001398,Female,Yes,0,Graduate,No,4237,5053,248.0,360.0,1.0,Rural,N,9290,26.6954
LP001399,Male,No,1,Graduate,Yes,2697,746,221.0,360.0,0.0,Semiurban,N,3443,64.1882
LP001400,Male,No,0,Not Graduate,No,7701,0,249.8,360.0,1.0,Urban,Y,7701,32.4373
LP001401,Male,Yes,0,Graduate,No,3197,1193,199.7,360.0,1.0,Semiurban,N,4390,45.4897
LP001402,Male,No,0,Graduate,No,4146,0,213.8,360.0,1.0,Semiurban,N,4146,51.5678
LP001403,Female,No,0,Not Graduate,No,3037,0,145.3,360.0,1.0,Rural,Y,3037,47.8433
LP001404,Male,Yes,2,Not Graduate,No,12623,0,408.4,360.0,0.0,Rural,N,12623,32.3536
LP001405,Female,Yes,0,Graduate,No,3667,1106,233.1,360.0,1.0,Semiurban,Y,4773,48.8372
LP001406,Male,No,1,Graduate,Yes,13353,699,329.5,360.0,1.0,Urban,N,14052,23.4486
LP001407,Female,Yes,2,Not Graduate,No,7248,0,236.9,300.0,1.0,Urban,Y,7248,32.6849
LP001408,Male,No,3+,Graduate,No,5938,1879,245.5,36.0,1.0,Semiurban,Y,7817,31.4059
LP001409,Male,Yes,0,Graduate,No,5548,0,192.6,360.0,1.0,Semiurban,Y,5548,34.7152
LP001410,Female,No,0,Graduate,No,5632,3884,249.8,360.0,1.0,Rural,Y,9516,26.2505
LP001411,Male,No,0,Not Graduate,No,1500,1916,219.8,360.0,1.0,Rural,Y,3416,64.3443
LP001412,Male,No,0,Graduate,No,3761,7323,266.0,360.0,1.0,Rural,Y,11084,23.9986
LP001413,Female,Yes,3+,Not Graduate,No,7384,2337,253.7,360.0,1.0,Rural,N,9721,26.0981
LP001414,Female,No,0,Not Graduate,No,4318,0,220.7,360.0,1.0,Urban,N,4318,51.1116
LP001415,Male,No,2,Graduate,No,1913,0,163.1,360.0,0.0,Semiurban,N,1913,85.2588
LP001416,Male,Yes,0,Graduate,Yes,4309,1662,231.1,360.0,1.0,Semiurban,Y,5971,38.7037
LP001417,Male,No,1,Graduate,Yes,12362,1578,357.1,84.0,1.0,Semiurban,Y,13940,25.6169
LP001418,Male,Yes,0,Graduate,Yes,9396,0,329.0,360.0,1.0,Urban,Y,9396,35.0149
LP001419,Male,Yes,2,Graduate,No,4284,0,190.6,360.0,1.0,Rural,Y,4284,44.4911
LP001420,Male,Yes,0,Graduate,No,7870,0,225.3,36.0,1.0,Rural,Y,7870,28.6277
LP001421,Male,Yes,2,Graduate,No,3569,2254,274.9,360.0,0.0,Rural,N,5823,47.2093
LP001422,Female,Yes,2,Not Graduate,No,1599,0,137.5,360.0,1.0,Rural,Y,1599,85.9912
LP001423,Male,No,1,Graduate,No,2553,5823,308.5,360.0,1.0,Rural,Y,8376,36.8314
LP001424,Male,Yes,0,Graduate,No,11358,3719,443.6,12.0,1.0,Semiurban,Y,15077,29.4223
LP001425,Male,No,0,Graduate,No,3772,3403,297.6,36.0,1.0,Rural,Y,7175,41.4774
LP001426,Male,Yes,0,Graduate,No,3842,0,174.1,360.0,1.0,Urban,N,3842,45.3149
LP001427,Male,Yes,0,Graduate,Yes,3714,2622,241.1,360.0,1.0,Semiurban,Y,6336,38.0524
LP001428,Male,Yes,0,Graduate,No,13939,0,317.5,360.0,1.0,Rural,Y,13939,22.7778
LP001429,Female,No,3+,Graduate,No,11796,786,302.3,360.0,1.0,Rural,Y,12582,24.0264
LP001430,Male,Yes,0,Graduate,No,16835,1564,476.7,360.0,1.0,Semiurban,Y,18399,25.909
LP001431,Male,Yes,0,Graduate,Yes,4042,0,240.8,360.0,1.0,Semiurban,Y,4042,59.5745
LP001432,Male,No,0,Graduate,No,5310,2605,350.9,360.0,1.0,Urban,Y,7915,44.3335
LP001433,Male,Yes,0,Graduate,No,1790,4727,277.9,300.0,1.0,Urban,Y,6517,42.6423
LP001434,Male,Yes,1,Not Graduate,No,10787,1315,305.4,360.0,1.0,Rural,Y,12102,25.2355
LP001435,Male,Yes,0,Graduate,Yes,2206,0,124.9,360.0,1.0,Semiurban,Y,2206,56.6183
LP001436,Male,No,3+,Graduate,No,5064,1497,301.3,360.0,1.0,Semiurban,N,6561,45.9229
LP001437,Male,Yes,0,Graduate,No,2302,3787,262.8,360.0,1.0,Semiurban,Y,6089,43.1598
LP001438,Male,No,0,Graduate,No,3123,2911,266.2,360.0,1.0,Semiurban,Y,6034,44.1167
LP001439,Female,Yes,2,Graduate,No,2690,2696,269.5,360.0,1.0,Semiurban,Y,5386,50.0371
LP001440,Male,No,0,Graduate,No,3087,0,197.5,360.0,1.0,Rural,Y,3087,63.978
LP001441,Male,No,3+,Graduate,Yes,3218,816,238.3,360.0,1.0,Semiurban,Y,4034,59.0729
LP001442,Male,Yes,0,Graduate,No,3200,2866,201.3,360.0,1.0,Urban,Y,6066,33.185
LP001443,Male,Yes,2,Graduate,No,7331,1114,332.8,360.0,1.0,Semiurban,Y,8445,39.4079
LP001444,Male,No,0,Graduate,No,2291,9217,405.1,180.0,1.0,Semiurban,Y,11508,35.2016
LP001445,Male,Yes,2,Graduate,No,5076,0,208.7,360.0,1.0,Rural,Y,5076,41.1151
LP001446,Female,Yes,2,Not Graduate,No,9235,0,332.6,360.0,0.0,Urban,Y,9235,36.0152
LP001447,Female,Yes,2,Graduate,No,3268,0,169.9,360.0,1.0,Rural,N,3268,51.989
LP001448,Male,No,2,Graduate,No,2890,0,211.6,360.0,1.0,Urban,Y,2890,73.218
LP001449,Male,No,0,Graduate,No,3872,1689,190.2,360.0,1.0,Semiurban,Y,5561,34.2025
LP001450,Male,No,0,Graduate,No,9025,0,320.1,360.0,1.0,Urban,Y,9025,35.4681
LP001451,Male,Yes,0,Graduate,No,4996,0,194.4,360.0,1.0,Semiurban,Y,4996,38.9111
LP001452,Male,Yes,0,Graduate,No,3233,1197,237.5,360.0,1.0,Rural,Y,4430,53.6117
LP001453,Male,No,1,Graduate,No,5945,7504,320.5,180.0,1.0,Semiurban,Y,13449,23.8308
LP001454,Male,Yes,0,Graduate,No,2295,2068,188.5,360.0,1.0,Urban,N,4363,43.2042
LP001455,Female,Yes,0,Graduate,No,6692,3422,249.8,360.0,1.0,Semiurban,Y,10114,24.6984
LP001456,Male,Yes,1,Graduate,No,5682,0,291.9,180.0,1.0,Urban,Y,5682,51.3728
LP001457,Male,Yes,2,Graduate,No,3697,2576,223.2,480.0,1.0,Rural,Y,6273,35.5811
LP001458,Male,Yes,0,Graduate,No,2688,2484,249.8,360.0,1.0,Urban,Y,5172,48.2985
LP001459,Male,Yes,2,Graduate,No,2612,0,186.0,360.0,1.0,Urban,Y,2612,71.2098
LP001460,Male,Yes,3+,Not Graduate,No,6129,8190,389.0,360.0,1.0,Rural,Y,14319,27.1667
LP001461,Male,Yes,0,Graduate,No,9296,4931,461.3,360.0,1.0,Urban,Y,14227,32.4243
LP001462,Male,No,1,Graduate,No,3033,0,149.8,360.0,0.0,Semiurban,N,3033,49.39
LP001463,Male,Yes,2,Graduate,Yes,5854,0,265.4,360.0,1.0,Semiurban,Y,5854,45.3365
LP001464,Male,Yes,0,Not Graduate,No,1500,0,110.4,360.0,1.0,Urban,Y,1500,73.6
LP001465,Male,No,0,Graduate,No,3131,0,153.0,360.0,1.0,Rural,N,3131,48.8662
LP001466,Female,Yes,0,Graduate,No,4364,2563,293.4,120.0,0.0,Semiurban,N,6927,42.356
LP001467,Male,No,0,Graduate,No,2576,2284,236.4,360.0,1.0,Semiurban,N,4860,48.642
LP001468,Male,No,0,Graduate,No,2535,0,182.9,360.0,1.0,Rural,Y,2535,72.1499
LP001469,Female,Yes,0,Graduate,No,2978,5503,273.0,360.0,1.0,Semiurban,Y,8481,32.1896
LP001470,Male,Yes,0,Graduate,No,5299,2974,288.5,36.0,1.0,Urban,Y,8273,34.8725
LP001471,Female,No,0,Not Graduate,Yes,3974,958,218.3,360.0,1.0,Semiurban,Y,4932,44.262
LP001472,Male,No,3+,Graduate,No,1500,5186,325.1,360.0,1.0,Rural,N,6686,48.624
LP001473,Female,Yes,0,Graduate,No,1500,0,113.8,300.0,1.0,Semiurban,Y,1500,75.8667
LP001474,Male,Yes,3+,Not Graduate,No,3089,18150,428.8,360.0,1.0,Urban,N,21239,20.1893
LP001475,Female,Yes,0,Graduate,No,5852,910,249.3,360.0,0.0,Semiurban,N,6762,36.8678
LP001476,Male,Yes,0,Graduate,No,1500,2368,208.2,360.0,1.0,Urban,N,3868,53.8263
LP001477,Male,Yes,0,Graduate,No,3295,465,176.5,360.0,1.0,Rural,Y,3760,46.9415
LP001478,Male,No,0,Graduate,No,3242,0,220.5,360.0,1.0,Urban,Y,3242,68.0136
LP001479,Male,No,0,Graduate,No,10229,1361,312.0,360.0,1.0,Urban,Y,11590,26.9198
LP001480,Female,Yes,1,Not Graduate,No,3529,0,228.3,360.0,1.0,Urban,Y,3529,64.6925
LP001481,Male,Yes,0,Graduate,No,5595,1161,218.2,360.0,1.0,Semiurban,Y,6756,32.2972
LP001482,Male,Yes,1,Graduate,No,4840,612,257.3,360.0,1.0,Rural,Y,5452,47.1937
LP001483,Male,Yes,1,Graduate,No,1500,0,149.5,360.0,1.0,Semiurban,N,1500,99.6667
LP001484,Male,Yes,0,Not Graduate,No,7050,501,239.2,360.0,1.0,Rural,Y,7551,31.6779
LP001485,Male,Yes,0,Not Graduate,No,5060,0,281.2,240.0,1.0,Semiurban,N,5060,55.5731
LP001486,Male,No,2,Not Graduate,No,6032,470,256.4,180.0,1.0,Semiurban,N,6502,39.434
LP001487,Female,Yes,0,Graduate,No,46898,2038,700.0,360.0,1.0,Semiurban,Y,48936,14.3044
LP001488,Male,Yes,0,Graduate,No,1500,466,155.9,360.0,1.0,Urban,N,1966,79.2981
LP001489,Male,No,0,Graduate,No,12516,1596,350.7,360.0,1.0,Urban,Y,14112,24.8512
LP001490,Female,No,0,Graduate,No,3742,6312,279.0,360.0,1.0,Rural,N,10054,27.7501
LP001491,Female,No,1,Graduate,No,5283,2572,262.0,360.0,1.0,Semiurban,Y,7855,33.3546
LP001492,Male,Yes,0,Graduate,No,4327,1091,194.3,300.0,1.0,Semiurban,Y,5418,35.8619
LP001493,Male,Yes,0,Graduate,No,3447,1955,199.6,180.0,1.0,Rural,Y,5402,36.9493
LP001494,Male,Yes,0,Graduate,No,3159,0,149.3,360.0,1.0,Rural,Y,3159,47.2618
LP001495,Male,No,0,Graduate,Yes,5419,2781,283.8,360.0,0.0,Semiurban,N,8200,34.6098
LP001496,Male,No,0,Graduate,Yes,1789,0,156.2,360.0,1.0,Urban,Y,1789,87.3113
LP001497,Male,Yes,0,Graduate,No,6976,3025,271.2,360.0,1.0,Semiurban,Y,10001,27.1173
LP001498,Male,No,1,Graduate,No,3464,0,158.6,360.0,1.0,Rural,N,3464,45.7852
LP001499,Male,Yes,0,Graduate,No,2257,0,164.6,360.0,1.0,Rural,Y,2257,72.9287
LP001500,Female,Yes,0,Graduate,Yes,3394,1419,194.0,360.0,1.0,Rural,Y,4813,40.3075
LP001501,Male,Yes,0,Graduate,No,9454,3112,296.7,360.0,1.0,Rural,Y,12566,23.6113
LP001502,Male,Yes,2,Graduate,No,3225,0,156.2,360.0,1.0,Semiurban,Y,3225,48.4341
LP001503,Male,Yes,1,Graduate,Yes,5514,0,288.5,360.0,1.0,Rural,N,5514,52.3214
LP001504,Male,Yes,0,Not Graduate,No,2868,1002,232.2,180.0,1.0,Urban,Y,3870,60.0
LP001505,Female,No,1,Graduate,No,7007,2296,292.4,180.0,1.0,Semiurban,Y,9303,31.4307
LP001506,Male,Yes,0,Graduate,No,6709,0,285.3,360.0,1.0,Urban,Y,6709,42.525
LP001507,Male,Yes,0,Graduate,No,13482,0,383.9,360.0,1.0,Rural,Y,13482,28.475
LP001508,Female,No,0,Graduate,No,4002,1427,259.0,360.0,0.0,Rural,N,5429,47.7068
LP001509,Female,No,2,Graduate,No,6642,0,287.2,180.0,1.0,Semiurban,Y,6642,43.24
LP001510,Female,No,0,Graduate,Yes,4716,1390,269.0,360.0,1.0,Rural,N,6106,44.055
LP001511,Male,No,0,Not Graduate,No,9677,1878,311.6,360.0,1.0,Rural,Y,11555,26.9667
LP001512,Male,No,0,Graduate,No,2889,9126,249.8,360.0,1.0,Semiurban,N,12015,20.7907
LP001513,Male,Yes,0,Not Graduate,No,6953,0,265.4,360.0,0.0,Urban,Y,6953,38.1706
LP001514,Female,Yes,2,Graduate,Yes,3956,546,249.8,360.0,0.0,Rural,N,4502,55.4865
LP001515,Female,Yes,2,Graduate,No,4279,3458,295.0,360.0,1.0,Urban,N,7737,38.1285
LP001516,Male,Yes,2,Not Graduate,No,4698,1242,288.9,360.0,0.0,Semiurban,N,5940,48.6364
LP001517,Male,Yes,0,Graduate,No,5173,1599,328.1,360.0,1.0,Urban,Y,6772,48.4495
LP001518,Male,No,0,Graduate,No,4147,1156,199.9,360.0,1.0,Rural,Y,5303,37.6956
LP001519,Female,Yes,0,Graduate,No,5058,1665,290.1,180.0,0.0,Urban,N,6723,43.1504
LP001520,Male,Yes,0,Graduate,No,11462,6117,465.6,360.0,1.0,Rural,Y,17579,26.4861
LP001521,Male,Yes,0,Graduate,No,8032,3503,426.4,240.0,1.0,Semiurban,Y,11535,36.9658
LP001522,Male,No,2,Graduate,Yes,7491,3653,420.0,360.0,1.0,Semiurban,Y,11144,37.6884
LP001523,Male,Yes,0,Graduate,No,3383,741,226.7,360.0,1.0,Urban,Y,4124,54.9709
LP001524,Female,No,0,Graduate,No,2608,0,146.3,360.0,1.0,Semiurban,Y,2608,56.0966
LP001525,Female,Yes,0,Graduate,No,7888,273,334.1,360.0,0.0,Rural,Y,8161,40.9386
LP001526,Female,Yes,0,Graduate,No,7522,1133,247.5,360.0,1.0,Semiurban,Y,8655,28.5962
LP001527,Male,Yes,0,Graduate,No,10760,0,380.8,360.0,1.0,Urban,Y,10760,35.3903
LP001528,Male,No,0,Graduate,No,3095,0,215.0,360.0,0.0,Urban,N,3095,69.4669
LP001529,Male,Yes,2,Graduate,No,3874,1711,229.7,360.0,1.0,Rural,Y,5585,41.128
LP001530,Male,No,3+,Graduate,No,1662,1967,207.6,180.0,0.0,Semiurban,N,3629,57.2058
LP001531,Female,Yes,0,Not Graduate,No,3514,1233,216.7,360.0,1.0,Semiurban,N,4747,45.6499
LP001532,Female,Yes,0,Graduate,No,8086,0,283.9,360.0,1.0,Semiurban,N,8086,35.1101
LP001533,Male,No,0,Graduate,No,3361,3415,244.1,360.0,1.0,Rural,N,6776,36.0242
LP001534,Male,No,0,Graduate,No,6530,0,294.4,360.0,1.0,Semiurban,N,6530,45.0842
LP001535,Male,No,2,Graduate,Yes,3966,2464,313.1,360.0,1.0,Semiurban,Y,6430,48.6936
LP001536,Male,No,0,Graduate,No,5401,0,287.4,360.0,1.0,Semiurban,N,5401,53.2124
LP001537,Female,No,0,Not Graduate,No,2233,0,130.5,360.0,1.0,Rural,Y,2233,58.4416
LP001538,Female,No,0,Graduate,No,4680,0,260.8,360.0,1.0,Semiurban,Y,4680,55.7265
LP001539,Male,No,0,Not Graduate,No,1500,0,139.7,360.0,1.0,Semiurban,Y,1500,93.1333
LP001540,Male,No,2,Not Graduate,No,3975,0,181.5,360.0,0.0,Semiurban,N,3975,45.6604
LP001541,Male,No,0,Not Graduate,Yes,1671,0,106.3,360.0,1.0,Urban,Y,1671,63.6146
LP001542,Female,Yes,0,Not Graduate,No,9169,1191,295.4,360.0,1.0,Rural,Y,10360,28.5135
LP001543,Male,No,0,Graduate,No,7090,2268,374.2,360.0,0.0,Urban,N,9358,39.9872
LP001544,Male,Yes,0,Graduate,No,5884,0,264.6,360.0,1.0,Rural,Y,5884,44.9694
LP001545,Male,No,2,Graduate,Yes,11076,2290,414.1,360.0,0.0,Rural,N,13366,30.9816
LP001546,Male,No,3+,Graduate,No,2516,0,144.7,360.0,0.0,Semiurban,Y,2516,57.5119
LP001547,Male,Yes,3+,Graduate,No,12688,2308,438.3,360.0,0.0,Rural,N,14996,29.2278
LP001548,Male,No,2,Graduate,No,7780,0,224.2,180.0,1.0,Rural,Y,7780,28.8175
LP001549,Male,Yes,0,Graduate,No,3858,0,190.3,360.0,1.0,Rural,N,3858,49.3261
LP001550,Male,Yes,1,Graduate,No,8790,3918,249.8,360.0,1.0,Urban,Y,12708,19.6569
LP001551,Male,No,0,Graduate,Yes,2289,1692,171.6,360.0,1.0,Urban,Y,3981,43.1047
LP001552,Male,Yes,0,Graduate,Yes,2711,3377,291.4,360.0,1.0,Urban,Y,6088,47.8647
LP001553,Female,No,2,Graduate,No,3086,2429,211.8,360.0,1.0,Rural,Y,5515,38.4044
LP001554,Male,No,0,Not Graduate,No,3237,1026,227.1,360.0,1.0,Semiurban,N,4263,53.2723
LP001555,Male,Yes,3+,Graduate,No,2359,0,150.9,360.0,0.0,Semiurban,N,2359,63.9678
LP001556,Female,Yes,0,Graduate,No,9263,0,326.7,360.0,1.0,Semiurban,Y,9263,35.2694
LP001557,Male,Yes,1,Graduate,No,3807,0,164.2,360.0,1.0,Semiurban,N,3807,43.1311
LP001558,Male,Yes,1,Graduate,No,5494,0,187.2,360.0,1.0,Urban,N,5494,34.0735
LP001559,Male,No,3+,Graduate,No,3158,2460,289.6,360.0,1.0,Semiurban,Y,5618,51.5486
LP001560,Male,Yes,1,Graduate,No,1500,869,141.4,360.0,1.0,Semiurban,Y,2369,59.6876
LP001561,Male,Yes,1,Graduate,No,5229,0,269.7,360.0,1.0,Rural,Y,5229,51.5777
LP001562,Male,Yes,0,Graduate,No,1500,2982,267.7,360.0,1.0,Urban,Y,4482,59.7278
LP001563,Male,Yes,0,Graduate,No,4267,1220,208.7,360.0,1.0,Rural,Y,5487,38.0354
LP001564,Male,No,0,Graduate,No,1956,0,128.2,360.0,1.0,Semiurban,N,1956,65.5419
LP001565,Male,Yes,2,Graduate,No,14652,0,423.0,360.0,0.0,Semiurban,N,14652,28.8698
LP001566,Male,No,0,Graduate,No,7683,0,346.1,360.0,0.0,Rural,N,7683,45.0475
LP001567,Male,Yes,1,Graduate,No,4738,0,266.6,360.0,1.0,Rural,Y,4738,56.2685
LP001568,Male,No,0,Not Graduate,No,9492,0,249.8,360.0,0.0,Urban,Y,9492,26.3169
LP001569,Male,Yes,0,Graduate,No,2676,490,207.8,360.0,1.0,Rural,Y,3166,65.6349
LP001570,Female,Yes,1,Graduate,No,6161,0,212.2,360.0,0.0,Rural,N,6161,34.4425
LP001571,Male,No,0,Graduate,No,5013,0,280.8,360.0,1.0,Rural,N,5013,56.0144
LP001572,Male,Yes,0,Graduate,Yes,5210,3113,360.0,360.0,1.0,Urban,Y,8323,43.2536
LP001573,Male,No,0,Graduate,No,9541,1225,284.9,60.0,1.0,Semiurban,Y,10766,26.4629
LP001574,Male,No,3+,Graduate,No,6901,6470,341.0,12.0,1.0,Urban,Y,13371,25.503
LP001575,Male,Yes,2,Not Graduate,No,5288,0,192.7,180.0,1.0,Urban,N,5288,36.441
LP001576,Female,Yes,0,Graduate,No,1647,0,249.8,360.0,1.0,Semiurban,Y,1647,151.6697
LP001577,Female,No,0,Graduate,No,2499,1707,241.5,360.0,0.0,Rural,N,4206,57.418
LP001578,Male,Yes,0,Graduate,No,4131,0,197.2,12.0,1.0,Semiurban,N,4131,47.7366
LP001579,Female,Yes,2,Graduate,No,4703,0,180.5,360.0,1.0,Urban,Y,4703,38.3798
LP001580,Male,Yes,1,Graduate,No,2257,4436,246.5,180.0,1.0,Semiurban,Y,6693,36.8295
LP001581,Male,Yes,0,Graduate,No,18901,1523,567.7,360.0,1.0,Rural,Y,20424,27.7957
LP001582,Male,Yes,0,Graduate,No,11046,926,376.9,360.0,1.0,Semiurban,Y,11972,31.4818
LP001583,Male,No,0,Graduate,No,6382,5401,339.1,360.0,0.0,Rural,N,11783,28.7787
LP001584,Male,No,1,Graduate,No,4643,1845,221.5,360.0,1.0,Urban,Y,6488,34.14
LP001585,Male,No,2,Not Graduate,No,3915,0,249.0,360.0,1.0,Rural,N,3915,63.6015
LP001586,Male,No,0,Graduate,No,2512,0,187.0,360.0,1.0,Rural,Y,2512,74.4427
LP001587,Male,Yes,0,Not Graduate,No,4658,0,199.4,360.0,0.0,Urban,N,4658,42.8081
LP001588,Male,No,0,Graduate,No,5190,0,187.7,360.0,1.0,Rural,Y,5190,36.1657
LP001589,Male,Yes,3+,Not Graduate,No,2111,1322,151.5,180.0,1.0,Semiurban,Y,3433,44.1305
LP001590,Male,Yes,0,Graduate,No,5434,1821,228.3,180.0,1.0,Semiurban,Y,7255,31.468
LP001591,Male,Yes,2,Not Graduate,No,4051,2101,264.4,360.0,1.0,Semiurban,Y,6152,42.9779
LP001592,Male,Yes,1,Not Graduate,No,1500,0,150.8,360.0,1.0,Semiurban,Y,1500,100.5333
LP001593,Male,No,0,Graduate,No,2653,0,167.1,360.0,1.0,Rural,Y,2653,62.9853
LP001594,Male,No,0,Not Graduate,No,3469,0,221.7,360.0,1.0,Semiurban,Y,3469,63.9089
LP001595,Male,Yes,0,Graduate,No,13802,0,372.3,360.0,1.0,Urban,Y,13802,26.9744
LP001596,Female,Yes,1,Graduate,No,6210,0,280.8,360.0,1.0,Urban,Y,6210,45.2174
LP001597,Male,Yes,2,Graduate,No,1995,2368,237.6,360.0,1.0,Urban,Y,4363,54.4579
LP001598,Male,Yes,1,Graduate,No,5952,1626,240.3,360.0,0.0,Urban,N,7578,31.7102
LP001599,Male,Yes,0,Graduate,No,1757,5164,253.1,360.0,1.0,Rural,Y,6921,36.5699
LP001600,Male,Yes,0,Graduate,No,8515,1736,349.9,360.0,1.0,Semiurban,N,10251,34.1333
LP001601,Male,No,3+,Graduate,No,3352,2350,196.8,360.0,1.0,Semiurban,Y,5702,34.5142
LP001602,Male,No,2,Graduate,No,4204,0,197.3,360.0,1.0,Urban,N,4204,46.9315
LP001603,Male,Yes,0,Not Graduate,No,9852,0,327.8,360.0,1.0,Urban,Y,9852,33.2724
LP001604,Male,Yes,0,Graduate,No,2054,0,181.0,180.0,0.0,Urban,N,2054,88.1207
LP001605,Male,No,1,Graduate,No,1923,684,164.0,180.0,1.0,Rural,N,2607,62.9076
LP001606,Male,No,1,Graduate,No,3133,6252,360.8,360.0,1.0,Urban,Y,9385,38.4443
LP001607,Male,Yes,2,Graduate,No,8291,0,286.7,360.0,0.0,Urban,N,8291,34.5797
LP001608,Male,No,2,Graduate,No,1787,1685,217.7,360.0,1.0,Semiurban,Y,3472,62.7016
LP001609,Male,Yes,1,Graduate,No,1500,532,153.0,360.0,1.0,Urban,Y,2032,75.2953
LP001610,Male,Yes,0,Graduate,No,3392,0,223.1,360.0,1.0,Urban,Y,3392,65.7724
LP001611,Male,No,0,Not Graduate,No,6192,0,245.2,360.0,0.0,Semiurban,N,6192,39.5995
LP001612,Male,Yes,3+,Graduate,No,9137,1305,348.1,180.0,1.0,Semiurban,Y,10442,33.3365
LP001613,Female,Yes,0,Graduate,No,3368,1815,248.0,360.0,1.0,Rural,N,5183,47.8487
LP001614,Male,Yes,0,Graduate,No,3474,0,184.3,360.0,1.0,Semiurban,Y,3474,53.0512
LP001615,Male,Yes,0,Graduate,No,8886,2310,287.4,360.0,1.0,Semiurban,Y,11196,25.6699
